N,N_weighted,age_mean,age_sd,age_median,age_q25,age_q75,race_Mexican_American,race_Mexican_American_se,race_Other_Hispanic,race_Other_Hispanic_se,race_Non_Hispanic_White,race_Non_Hispanic_White_se,race_Non_Hispanic_Black,race_Non_Hispanic_Black_se,race_Other_Race,race_Other_Race_se,poverty_mean,poverty_sd,poverty_Low_lt_1.3,poverty_Low_lt_1.3_se,poverty_Medium_1.3-3.5,poverty_Medium_1.3-3.5_se,poverty_High_ge_3.5,poverty_High_ge_3.5_se,bmi_mean,bmi_sd,ferritin_mean,ferritin_sd,ferritin_median,ferritin_q25,ferritin_q75,hemoglobin_mean,hemoglobin_sd,idwa_prevalence,idwa_se,iron_deficiency_prevalence,iron_deficiency_se,anemia_prevalence,anemia_se,supplement_prevalence,supplement_se,dose_none,dose_none_se,dose_low,dose_low_se,dose_moderate,dose_moderate_se,dose_high,dose_high_se
6125,32314165.489761855,32.09521617887324,8.134858383698429,31.0,24.0,39.0,0.10862569803873957,0.0039759718260475975,0.07124373100916691,0.0032867839700046067,0.5998610365279533,0.006260048554073457,0.13018345779013446,0.004299705260101569,0.09008607663400577,0.0036582715988190614,2.7167053035385824,1.646523002986535,0.25234029462483476,0.0055499905546304825,0.34302796640700944,0.006065759109849602,0.0,0.0,28.449665760737656,7.841597252137893,54.70595788572257,58.965020457498575,37.2,20.0,67.0,13.327722096621725,1.1732081633108982,0.0899021460244143,0.003654904452579964,0.15135421560785992,0.004579388017674714,0.09703525688683023,0.0037822229897403383,0.18475983532176274,0.004958993291082586,0.0,0.0,0.09395964132907893,0.0037281330257949246,0.05546581261824713,0.002924613527549521,0.03533438137443664,0.0023590334536587702
